#Game Language to offerids mapping
#english,EN
#french,FR
#frenchcan,FR
#german,DE-LV
#austrian,DE-FV
#italian,IT
#spanish,ES
#british,EN
#russian,RU
#polish,PL
#korean,EN
#japanese,EN-JA
#fulljap,JA

#visibility refer to igsProductVisibility_e
# 0 - Visible Always
# 1 - Hide Always ( Hide in store and in Front End )
# 2 - Visible for season pass holders ( Hide in store if player does not own season pass )
# 3 - Visible for non season pass holders ( Hide in store if player owns season pass )
# 4 - Hide in CAC / CAO ( Show in Store,Hide in Front End )
# 5 - Early Access ( Hide in the store,Show in Front End )

version,version_id,10

#type = product,UID,Product ID,Image Name,dlcName,category,#Language List separated by space delimiter,#visibility,#productgroup,#seenIndex,#name
product,product_1,317660,img_store_season_pass,seasonpass,seasonpass,english french german italian spanish russian polish korean taiwanese chinese thai czech spanishna portuguese arabic,0,,,# Season Pass

product,product_2,318791,img_store_mappacks_havok,dlc2,mappacks,all,0,,,# Havoc
product,product_3,318792,img_store_mappacks_ascendance,dlc3,mappacks,all,0,,32,# Ascendance
product,product_4,318793,img_store_mappacks_supremacy,dlc4,mappacks,all,0,,,# Supremacy
product,product_5,318794,img_store_mappacks_reckoning,dlc5,mappacks,all,0,,,# Reckoning

# MDLC 2.5 - Standard Packs
product,product_137,343596,img_store_personpacks_ice,mdlc62,personpacks,all,0,,34,# Ice Pack
product,product_138,343597,img_store_personpacks_disco,mdlc63,personpacks,all,0,,35,# Disco Pack
product,product_139,343598,img_store_personpacks_cards,mdlc64,personpacks,all,0,,36,# Cards Pack
product,product_140,343599,img_store_personpacks_jackpot,mdlc65,personpacks,all,0,,37,# Jackpot Pack
product,product_141,343590,img_store_personpacks_blackout,mdlc66,personpacks,all,1,,38,# BLOPS3 Pack

# MDLC 2 - Standard Packs
product,product_6,343591,img_store_personpacks_tiki,mdlc34,personpacks,all,0,,,# Tiki
product,product_7,343592,img_store_personpacks_gasfire,mdlc35,personpacks,all,0,,,# Gas Fire
product,product_8,343593,img_store_personpacks_leaf,mdlc36,personpacks,all,0,,,# Leaf
product,product_9,343594,img_store_personpacks_psych,mdlc37,personpacks,all,0,,,# Psychadelic

product,product_10,331060,img_store_personpacks_magma,mdlc7,personpacks,all,0,,,# Magma
product,product_11,331061,img_store_personpacks_lightning,mdlc8,personpacks,all,0,,,# Lightning
product,product_12,331062,img_store_personpacks_hide,mdlc9,personpacks,all,0,,,# Hide
product,product_13,331063,img_store_personpacks_nanotech,mdlc10,personpacks,all,0,,,# Nanotech

# MDLC 2.5 Premium Personalization Packs
product,product_136,343590,img_store_personpacks_premium_blackout,mdlc61,PREMPERSONPACKS,all,1,,33,# BLOPS3 Prem Pack

# MDLC 2 - Premium Personalization Packs
product,product_14,343596,img_store_personpacks_premium_tiki,mdlc38,prempersonpacks,all,1,,,# Premium Tiki
product,product_15,343597,img_store_personpacks_premium_gasfire,mdlc39,prempersonpacks,all,1,,,# Premium Gas Fire
product,product_16,343598,img_store_personpacks_premium_leaf,mdlc40,prempersonpacks,all,1,,,# Premium Leaf
product,product_17,343599,img_store_personpacks_premium_psych,mdlc41,prempersonpacks,all,1,,,# Premium Psychadelic

product,product_18,343600,img_store_personpacks_premium_cod_champs,mdlc42,prempersonpacks,all,0,,,# Premium Cod Champs
product,product_19,331064,img_store_personpacks_premium_magma,mdlc11,prempersonpacks,all,0,,,# Premium Magma
product,product_20,331065,img_store_personpacks_premium_lightning,mdlc12,prempersonpacks,all,0,,,# Premium Lightning
product,product_21,331066,img_store_personpacks_premium_hide,mdlc13,prempersonpacks,all,0,,,# Premium Hide
product,product_22,331067,img_store_personpacks_premium_nanotech,mdlc14,prempersonpacks,all,0,,,# Premium Nanotech

# MDLC 2 - Exo Packs
product,product_23,343601,img_store_operatorpacks_cowboy,mdlc101,operatorpacks,all,1,,,# Cowboy
product,product_24,343602,img_store_operatorpacks_surfer,mdlc43,operatorpacks,all,1,,,# Surfer
product,product_25,343604,img_store_operatorpacks_octopus,mdlc45,operatorpacks,all,1,,,# Octopus
# MDLC 2 - Lady Gear Exo Packs
product,product_26,345600,img_store_operatorpacks_rose_camo,mdlc59,OPERATORPACKS,all,1,,,# Rose Camo / Passionate
product,product_27,345601,img_store_operatorpacks_white_blue,mdlc60,OPERATORPACKS,all,1,,,# White Blue / Tenacious

product,product_28,5f3f93ca-03ab-4fdd-aa00-63f17fb08d79,img_store_operatorpacks_steam_punk,mdlc15,operatorpacks,all,0,,,# Steam Punk
product,product_29,beb1715c-5825-4ae3-844d-1f72231f9306,img_store_operatorpacks_panda,mdlc16,operatorpacks,all,0,,,# Panda
product,product_30,05e1b887-e323-4aaf-b95b-12e9512f76aa,img_store_operatorpacks_bali_mask,mdlc17,operatorpacks,all,0,,,#Bali Mask
product,product_31,33c64260-e212-4794-8abe-9810f04471e7,img_store_operatorpacks_classic_biker,mdlc18,operatorpacks,all,0,,,#Classic Biker

# MDLC 2 - Flags
product,product_32,334460,img_store_flag_packs_argentinia,mdlc46,flagpacks,all,1,,,# Argentina Flag
product,product_33,343605,img_store_flag_packs_austria,mdlc47,flagpacks,all,1,,,# Austria Flag
product,product_34,333086,img_store_flag_packs_brazil,mdlc26,flagpacks,all,1,,,# Brazil Flag
product,product_35,343606,img_store_flag_packs_columbia,mdlc48,flagpacks,all,1,,,# Columbia Flag
product,product_36,343607,img_store_flag_packs_ireland,mdlc49,flagpacks,all,1,,,# Ireland Flag
product,product_37,343608,img_store_flag_packs_new_zealand,mdlc50,flagpacks,all,1,,,# New Zealand Flag
product,product_38,343609,img_store_flag_packs_portugal,mdlc51,flagpacks,all,1,,,# Portugal Flag

product,product_39,331072,img_store_flag_packs_usa,mdlc19,flagpacks,all,0,,,# USA Flag
product,product_40,333080,img_store_flag_packs_uk,mdlc20,flagpacks,all,0,,,# UK Flag
product,product_41,333081,img_store_flag_packs_canada,mdlc21,flagpacks,all,0,,,# Canada Flag
product,product_42,333082,img_store_flag_packs_france,mdlc22,flagpacks,all,0,,,# France Flag
product,product_43,333083,img_store_flag_packs_germany,mdlc23,flagpacks,all,0,,,# Germany Flag
product,product_44,333084,img_store_flag_packs_australia,mdlc24,flagpacks,all,0,,,# Australia Flag
product,product_45,333087,img_store_flag_packs_italy,mdlc27,flagpacks,all,0,,,# Italy Flag
product,product_46,333088,img_store_flag_packs_spain,mdlc28,flagpacks,all,0,,,# Spain Flag
product,product_47,334220,img_store_flag_packs_netherlands,mdlc29,flagpacks,all,0,,,# Netherlands Flag
product,product_48,334221,img_store_flag_packs_japan,mdlc30,flagpacks,all,0,,,# Japan Flag

product,product_49,343610,img_store_cac_slots,mdlc52,otheritems,all,0,,,# Create A Class Slots
product,product_50,343612,img_store_armory_slots1,mdlc54,otheritems,all,0,armoryslots,,# Armory Slots
product,product_51,343613,img_store_armory_slots2,mdlc55,otheritems,all,0,armoryslots,,# Armory Slots
product,product_52,343614,img_store_armory_slots3,mdlc56,otheritems,all,0,armoryslots,,# Armory Slots
product,product_53,343615,img_store_armory_slots4,mdlc57,otheritems,all,0,armoryslots,,# Armory Slots
product,product_54,343616,img_store_armory_slots5,mdlc58,otheritems,all,0,armoryslots,,# Armory Slots
product,product_55,318790,img_store_mappacks_atlas_gorge,dlc1,otheritems,all,0,,,# Atlas Gorge

product,product_56,00000,img_store_supplydrops_1,supdrp61,supplydrops,all,1,supplydrops_1,,# Supply Drops 1
product,product_57,76a554fb-c4b4-4a3e-b913-dcd0c61de638,img_store_supplydrops_1,supdrp62,supplydrops,all,1,supplydrops_1,,# Supply Drops 1
product,product_58,ed37f45c-1d3c-451c-87c3-0bb46ca51fa6,img_store_supplydrops_1,supdrp63,supplydrops,all,1,supplydrops_1,,# Supply Drops 1
product,product_59,518865ed-dfae-4d8a-836e-e0e5dc2c3d08,img_store_supplydrops_1,supdrp64,supplydrops,all,1,supplydrops_1,,# Supply Drops 1
product,product_60,3b9f4478-900d-43f9-b4b1-eb1f901ce961,img_store_supplydrops_1,supdrp65,supplydrops,all,1,supplydrops_1,,# Supply Drops 1
product,product_61,f20bfb05-cca9-4a61-971b-c6c620b928b0,img_store_supplydrops_1,supdrp66,supplydrops,all,1,supplydrops_1,,# Supply Drops 1
product,product_62,a75ee2b8-42f6-46b1-a45f-db6e64a98872,img_store_supplydrops_1,supdrp67,supplydrops,all,1,supplydrops_1,,# Supply Drops 1
product,product_63,20f97f87-52a7-461e-8b78-9a54080bd400,img_store_supplydrops_1,supdrp68,supplydrops,all,1,supplydrops_1,,# Supply Drops 1
product,product_64,f03ad620-bc8a-4f4f-a3b0-3630347b8a30,img_store_supplydrops_1,supdrp69,supplydrops,all,1,supplydrops_1,,# Supply Drops 1
product,product_65,ebe31b71-f8cc-4f0d-9915-6a13d53af74b,img_store_supplydrops_1,supdrp70,supplydrops,all,1,supplydrops_1,,# Supply Drops 1
product,product_111,b05003d8-bf77-4d04-a0cc-d8a36425b813,img_store_supplydrops_1,supdrp72,supplydrops,all,1,supplydrops_1,22,# Supply Drops 1
product,product_112,2b7b516c-8e7e-45b7-92fd-dc2040c08d6e,img_store_supplydrops_1,supdrp73,supplydrops,all,1,supplydrops_1,22,# Supply Drops 1
product,product_113,5de14218-1543-4fc5-ae89-eb4037109234,img_store_supplydrops_1,supdrp74,supplydrops,all,1,supplydrops_1,22,# Supply Drops 1
product,product_114,3404d799-4341-46de-95ea-c6bdd47c8e39,img_store_supplydrops_1,supdrp75,supplydrops,all,1,supplydrops_1,22,# Supply Drops 1
product,product_115,3f05faaf-a59b-4807-ad58-0bd28f520cc9,img_store_supplydrops_1,supdrp76,supplydrops,all,1,supplydrops_1,22,# Supply Drops 1

product,product_66,6031ecd6-a183-4c71-9022-9685dde26ebd,img_store_supplydrops_3,supdrp91,supplydrops,all,1,supplydrops_3,,# Supply Drops 3
product,product_67,6aebd756-0b60-4ad4-8639-d27db2ae79e0,img_store_supplydrops_3,supdrp92,supplydrops,all,1,supplydrops_3,,# Supply Drops 3
product,product_68,93a0c86c-c7af-464c-88d7-6e0519d482f4,img_store_supplydrops_3,supdrp93,supplydrops,all,1,supplydrops_3,,# Supply Drops 3
product,product_69,6ca3fa67-8844-4128-89e0-8d4b7b8c5e3a,img_store_supplydrops_3,supdrp94,supplydrops,all,1,supplydrops_3,,# Supply Drops 3
product,product_70,55c76436-50d8-401e-8761-b9ceeb18c7c4,img_store_supplydrops_3,supdrp95,supplydrops,all,1,supplydrops_3,,# Supply Drops 3
product,product_71,844742d6-baa0-4079-892e-649a45564b56,img_store_supplydrops_3,supdrp96,supplydrops,all,1,supplydrops_3,,# Supply Drops 3
product,product_72,605fb575-1482-4e0f-8934-165e290d26ca,img_store_supplydrops_3,supdrp97,supplydrops,all,1,supplydrops_3,,# Supply Drops 3
product,product_73,64d0e219-b602-4906-b714-895d020bae2a,img_store_supplydrops_3,supdrp98,supplydrops,all,1,supplydrops_3,,# Supply Drops 3
product,product_74,fc0e23af-fc91-4711-b3ca-a45c3ab03049,img_store_supplydrops_3,supdrp99,supplydrops,all,1,supplydrops_3,,# Supply Drops 3
product,product_75,e9886801-697b-4b40-93bd-6f9b37b6102b,img_store_supplydrops_3,supdrp100,supplydrops,all,1,supplydrops_3,,# Supply Drops 3
product,product_116,3c32e23a-514d-487c-9733-c9c8ec6fd55b,img_store_supplydrops_3,supdrp77,supplydrops,all,1,supplydrops_3,23,# Supply Drops 3
product,product_117,906884d7-2864-4cd2-b725-1129c111abab,img_store_supplydrops_3,supdrp78,supplydrops,all,1,supplydrops_3,23,# Supply Drops 3
product,product_118,28e9c053-da80-4f8a-b1b3-26cf9e6cad59,img_store_supplydrops_3,supdrp79,supplydrops,all,1,supplydrops_3,23,# Supply Drops 3
product,product_119,13668620-fb95-4e3b-b15b-05ca33cb90dc,img_store_supplydrops_3,supdrp80,supplydrops,all,1,supplydrops_3,23,# Supply Drops 3
product,product_120,e9e772ce-aeb5-4831-9672-f2ab1c0459f5,img_store_supplydrops_3,supdrp81,supplydrops,all,1,supplydrops_3,23,# Supply Drops 3

product,product_76,156f40b5-3683-4c26-a6d0-f2358701df53,img_store_supplydrops_5,supdrp71,supplydrops,all,1,supplydrops_5,,# Supply Drops 5
product,product_77,3ec7cec9-91ff-4931-8785-e7092495c5cb,img_store_supplydrops_5,supdrp72,supplydrops,all,1,supplydrops_5,,# Supply Drops 5
product,product_78,29af6a13-c4ce-469c-aee1-82bdcef9307f,img_store_supplydrops_5,supdrp73,supplydrops,all,1,supplydrops_5,,# Supply Drops 5
product,product_79,92334032-5350-4319-ad0b-a5dac31e491f,img_store_supplydrops_5,supdrp74,supplydrops,all,1,supplydrops_5,,# Supply Drops 5
product,product_80,9974b492-3253-4873-97cc-68a47117f09f,img_store_supplydrops_5,supdrp75,supplydrops,all,1,supplydrops_5,,# Supply Drops 5
product,product_81,d3a71cec-ceb3-452a-baa1-97ce8360cee8,img_store_supplydrops_5,supdrp76,supplydrops,all,1,supplydrops_5,,# Supply Drops 5
product,product_82,93e9ba95-0738-4302-9880-33774f4e4b2a,img_store_supplydrops_5,supdrp77,supplydrops,all,1,supplydrops_5,,# Supply Drops 5
product,product_83,5998caba-5f9f-475c-bc45-a4f2d9386105,img_store_supplydrops_5,supdrp78,supplydrops,all,1,supplydrops_5,,# Supply Drops 5
product,product_84,5afa84ac-abe3-4db9-917e-29933134d4be,img_store_supplydrops_5,supdrp79,supplydrops,all,1,supplydrops_5,,# Supply Drops 5
product,product_85,4f7350d9-90aa-4f91-a974-8fe399280d7c,img_store_supplydrops_5,supdrp80,supplydrops,all,1,supplydrops_5,,# Supply Drops 5
product,product_121,19938ec4-0047-4d17-8002-97c6584413fa,img_store_supplydrops_5,supdrp82,supplydrops,all,1,supplydrops_5,24,# Supply Drops 5
product,product_122,e2bb0ca8-66cc-4658-a34c-0c80babdb0df,img_store_supplydrops_5,supdrp83,supplydrops,all,1,supplydrops_5,24,# Supply Drops 5
product,product_123,411f8663-77fd-4821-8eef-8e213ba1f4ed,img_store_supplydrops_5,supdrp84,supplydrops,all,1,supplydrops_5,24,# Supply Drops 5
product,product_124,2a9140a1-946b-4a07-a790-6f7d4ee541d7,img_store_supplydrops_5,supdrp85,supplydrops,all,1,supplydrops_5,24,# Supply Drops 5
product,product_125,af7f50e7-dc1b-4b14-b78d-61ae560b2a00,img_store_supplydrops_5,supdrp86,supplydrops,all,1,supplydrops_5,24,# Supply Drops 5

product,product_86,5de0f259-b94b-40a9-a2ea-dba2f95f8b87,img_store_supplydrops_10,supdrp81,supplydrops,all,1,supplydrops_10,,# Supply Drops 10
product,product_87,89f452a5-5c6f-4d8e-a203-35de25a73805,img_store_supplydrops_10,supdrp82,supplydrops,all,1,supplydrops_10,,# Supply Drops 10
product,product_88,c503ee82-39c2-4a0e-93fe-e9acfc846a81,img_store_supplydrops_10,supdrp83,supplydrops,all,1,supplydrops_10,,# Supply Drops 10
product,product_89,e2c670f6-567b-4bd1-ae36-c2f039e22add,img_store_supplydrops_10,supdrp84,supplydrops,all,1,supplydrops_10,,# Supply Drops 10
product,product_90,b38a63b5-2c14-445f-a9d7-31ad59b4fe5c,img_store_supplydrops_10,supdrp85,supplydrops,all,1,supplydrops_10,,# Supply Drops 10
product,product_91,8c448893-0809-4c4f-be73-fa574be15333,img_store_supplydrops_10,supdrp86,supplydrops,all,1,supplydrops_10,,# Supply Drops 10
product,product_92,82a96d7b-859b-46a9-a7c7-ba082558066b,img_store_supplydrops_10,supdrp87,supplydrops,all,1,supplydrops_10,,# Supply Drops 10
product,product_93,9bc7070b-4a5a-4d39-9957-734eafd3f8e0,img_store_supplydrops_10,supdrp88,supplydrops,all,1,supplydrops_10,,# Supply Drops 10
product,product_94,dda9be88-d5cc-4827-aecf-40e9598f4adb,img_store_supplydrops_10,supdrp89,supplydrops,all,1,supplydrops_10,,# Supply Drops 10
product,product_95,4067a17b-23c7-4999-a514-8ed9041e8a02,img_store_supplydrops_10,supdrp90,supplydrops,all,1,supplydrops_10,,# Supply Drops 10
product,product_126,10cd1171-2eb4-4dcb-a281-372b747319f6,img_store_supplydrops_10,supdrp87,supplydrops,all,1,supplydrops_10,25,# Supply Drops 10
product,product_127,8706ff47-4cc7-4957-a4f3-d9589be39d78,img_store_supplydrops_10,supdrp88,supplydrops,all,1,supplydrops_10,25,# Supply Drops 10
product,product_128,ff9063ee-79ef-4b4a-8e22-df83f700e292,img_store_supplydrops_10,supdrp89,supplydrops,all,1,supplydrops_10,25,# Supply Drops 10
product,product_129,31cdd8b7-2c6a-414b-8e02-a2d7f6f64f12,img_store_supplydrops_10,supdrp90,supplydrops,all,1,supplydrops_10,25,# Supply Drops 10
product,product_130,de53b351-a6ab-4089-a30b-0396f6fad455,img_store_supplydrops_10,supdrp91,supplydrops,all,1,supplydrops_10,25,# Supply Drops 10

# Consumable Supply Drops
product,product_96,c5f202f9-3386-4d8b-9f5f-fc4f16f78ed3,img_store_supplydrops_1,supdrp46,supplydrops_v2,all,1,,26,# Consumable Supply Drops 1
product,product_97,0463b195-81cb-43c8-87a4-814043492ac1,img_store_supplydrops_3,supdrp50,supplydrops_v2,all,1,,27,# Consumable Supply Drops 3
product,product_98,ef8577d9-0cab-433d-8955-8dd96089218e,img_store_supplydrops_5,supdrp47,supplydrops_v2,all,1,,28,# Consumable Supply Drops 5
product,product_99,4b49d2af-d9ed-4f4a-8aa1-0fc3c2e70f87,img_store_supplydrops_10,supdrp48,supplydrops_v2,all,1,,29,# Consumable Supply Drops 10
product,product_100,ca0012ef-1206-4173-8979-d2d4f3d66a57,img_store_supplydrops_20,supdrp71,supplydrops_v2,all,1,,31,# Consumable Supply Drops 20

# More Durable Supply Drops
product,product_101,48a1c3f1-c47f-4752-95c8-658630e29cd1,img_store_supplydrops_20,supdrp61,supplydrops,all,1,supplydrops_20,30,# Supply Drops 20
product,product_102,e0556d68-6bbf-4fce-affb-28c4eec8eb25,img_store_supplydrops_20,supdrp62,supplydrops,all,1,supplydrops_20,30,# Supply Drops 20
product,product_103,d627860d-bf3a-4972-9eb5-51a68bf4eb44,img_store_supplydrops_20,supdrp63,supplydrops,all,1,supplydrops_20,30,# Supply Drops 20
product,product_104,641bb491-7dda-42c9-850f-a9d6774236a0,img_store_supplydrops_20,supdrp64,supplydrops,all,1,supplydrops_20,30,# Supply Drops 20
product,product_105,c53a24c9-c07b-468d-bbc5-1d57ccdfd82c,img_store_supplydrops_20,supdrp65,supplydrops,all,1,supplydrops_20,30,# Supply Drops 20
product,product_106,fcc7f36b-3158-4129-a13d-8437924eb9ee,img_store_supplydrops_20,supdrp66,supplydrops,all,1,supplydrops_20,30,# Supply Drops 20
product,product_107,a21a0bda-abed-47a2-9d97-40bede8bfd7b,img_store_supplydrops_20,supdrp67,supplydrops,all,1,supplydrops_20,30,# Supply Drops 20
product,product_108,c7492ab3-7a7c-46d7-8efd-2a6ecd844dd7,img_store_supplydrops_20,supdrp68,supplydrops,all,1,supplydrops_20,30,# Supply Drops 20
product,product_109,e6a955fb-c723-42f7-b391-615dce049592,img_store_supplydrops_20,supdrp69,supplydrops,all,1,supplydrops_20,30,# Supply Drops 20
product,product_110,a4f8bf5c-4af4-4f4b-9996-e0816475ff6b,img_store_supplydrops_20,supdrp70,supplydrops,all,1,supplydrops_20,30,# Supply Drops 20
product,product_131,0b917713-e3a1-406b-9a61-dd1afa2212f5,img_store_supplydrops_20,supdrp92,supplydrops,all,1,supplydrops_20,30,# Supply Drops 20
product,product_132,69377444-37e1-4b99-8008-376a1da8d886,img_store_supplydrops_20,supdrp93,supplydrops,all,1,supplydrops_20,30,# Supply Drops 20
product,product_133,c3ae1aee-1445-4601-9577-033496317972,img_store_supplydrops_20,supdrp94,supplydrops,all,1,supplydrops_20,30,# Supply Drops 20
product,product_134,7d66fdd5-ebac-4893-be48-439867faccda,img_store_supplydrops_20,supdrp95,supplydrops,all,1,supplydrops_20,30,# Supply Drops 20
product,product_135,466f1cd8-ce9e-4ee8-ad7b-79d9e8c4e57b,img_store_supplydrops_20,supdrp96,supplydrops,all,1,supplydrops_20,30,# Supply Drops 20

#MDLC 4 OHM Standalone
product,product_142,343595,img_store_ohm,mdlc70,OTHERITEMS,all,0,,,#OHM Standalone Pack
#type = category,UID,category ID,title,Language List separated by space delimiter,visibility (0-show,1-hide)
category,category_1,1,seasonpass,LUA_MENU_STORE_SEASON_PASS,english french german italian spanish russian polish korean taiwanese chinese thai czech spanishna portuguese arabic,0
category,category_2,2,mappacks,LUA_MENU_STORE_MAP_PACKS,all,0
category,category_3,3,prempersonpacks,LUA_MENU_STORE_PREMIUM_PERSONALIZATION_PACKS,all,0
category,category_4,4,personpacks,LUA_MENU_STORE_PERSONALIZATION_PACKS,all,0
category,category_5,5,operatorpacks,LUA_MENU_STORE_PREMIUM_EXO_PACKS,all,0
category,category_6,6,flagpacks,LUA_MENU_STORE_EXO_PACKS,all,0
category,category_7,7,supplydrops,LUA_MENU_STORE_SUPPLYDROPS,all,1
category,category_8,8,otheritems,LUA_MENU_STORE_ADDITIONAL_ITEMS,all,0
